<?xml version="1.0" encoding="UTF-8"?>
<beans xmlns="http://www.springframework.org/schema/beans"
    xmlns:xsi="http://www.w3.org/2001/XMLSchema-instance" xmlns:context="http://www.springframework.org/schema/context"
    xsi:schemaLocation="http://www.springframework.org/schema/beans
    http://www.springframework.org/schema/beans/spring-beans.xsd
    http://www.springframework.org/schema/context
    http://www.springframework.org/schema/context/spring-context.xsd">
     
     
    <bean id ="employee" class="com.cg.assignment2.Employee">
    	<property name="employeeId" value="12345"/>
    	<property name="employeeName" value="Harriet"/>
    	<property name="salary" value="40000.0"/>
    	<property name="businessUnit" ref="sbu"/>
    </bean>
    <bean id ="sbu" class="com.cg.assignment2.SBU">
    	<property name="sbuId" value="PES-BU"/>
    	<property name="sbuName" value="Product Engineering Services"/>
    	<property name="sbuHead" value="Kiran Rao"/>
    </bean>
</beans>